imageName;studentID_grid;studentID_signature
EXAM_FORM1_19283.jpeg;19283;19283
EXAM_FORM1_50305.jpg;50305;62288
EXAM_FORM1_54331.jpg;54331;54331
EXAM_FORM1_58220.jpg;58220;62336
EXAM_FORM1_58927.jpg;58927;58927
EXAM_FORM1_62034.jpeg;62034;62034
EXAM_FORM1_62298.jpeg;62298;62298
EXAM_FORM1_62358.jpeg;62358;62356
EXAM_FORM1_62380.jpeg;62080;62579
EXAM_FORM1_62401.jpg;62401;64036
EXAM_FORM1_62436.jpeg;62436;62766
EXAM_FORM1_62440.jpeg;62440;62440
EXAM_FORM1_62445.jpg;;62336
EXAM_FORM1_62578.jpg;62578;62578
EXAM_FORM1_62598.jpg;62598;62598
EXAM_FORM1_62616.jpg;62616;62616
EXAM_FORM1_63272.jpg;63272;
EXAM_FORM1_63273.jpg;63273;63273
EXAM_FORM1_63694.jpg;63694;63694
EXAM_FORM1_63836.jpg;63836;62445
EXAM_FORM1_63887.jpeg;63887;63887
EXAM_FORM1_64413.jpg;64413;64413
EXAM_FORM1_65442.jpg;65442;65444
EXAM_FORM1_75012.jpg;75012;19283
EXAM_FORM2_50305.jpg;50305;64036
EXAM_FORM2_54331.jpg;54331;54331
EXAM_FORM2_58220.jpg;58220;62336
EXAM_FORM2_58927.jpg;58927;58927
EXAM_FORM2_62445.jpg;;62445
EXAM_FORM2_62578.jpg;62578;
EXAM_FORM2_62598.jpg;62598;62598
EXAM_FORM2_62616.jpg;62616;62577
EXAM_FORM2_63272.jpg;63272;
EXAM_FORM2_63273.jpg;63273;62276
EXAM_FORM2_63836.jpg;63836;62288
EXAM_FORM2_64413.jpg;64413;64413
EXAM_FORM2_65442.jpg;65442;65444
EXAM_FORM2_75012.jpg;75012;75012
EXAM_FORM3_19283.jpeg;19283;62336
EXAM_FORM3_36912.jpeg;36912;36912
EXAM_FORM3_50305.jpg;50305;62288
EXAM_FORM3_58220.jpg;58220;62336
EXAM_FORM3_58927.jpg;58927;62380
EXAM_FORM3_61856.jpg;61856;
EXAM_FORM3_62034.jpeg;62034;62034
EXAM_FORM3_62298.jpeg;62298;62298
EXAM_FORM3_62306.jpeg;62306;62288
EXAM_FORM3_62358.jpeg;62358;62358
EXAM_FORM3_62380.jpeg;62380;
EXAM_FORM3_62401.jpg;62401;
EXAM_FORM3_62436.jpg;;62436
EXAM_FORM3_62440.jpeg;62440;62440
EXAM_FORM3_62445.jpg;;62445
EXAM_FORM3_62500.jpg;62500;
EXAM_FORM3_62572.jpeg;62572;62747
EXAM_FORM3_62577.jpeg;62577;62577
EXAM_FORM3_62579.jpeg;62579;62336
EXAM_FORM3_62596.jpeg;;62596
EXAM_FORM3_62598.jpg;62598;62747
EXAM_FORM3_62616.jpg;62616;63887
EXAM_FORM3_62645.jpeg;62645;62645
EXAM_FORM3_63272.jpg;63272;62336
EXAM_FORM3_63694.jpg;63694;63694
EXAM_FORM3_63807.jpeg;;62336
EXAM_FORM3_63818.jpeg;63818;62579
EXAM_FORM3_63836.jpg;63836;62445
EXAM_FORM3_63887.jpeg;63887;62616
EXAM_FORM3_64038.jpeg;64038;63273
EXAM_FORM3_64413.jpg;64413;62336
EXAM_FORM3_65442.jpg;65442;67696
EXAM_FORM3_75012.jpeg;75012;62645
EXAM_FORM3_94204.jpg;94204;94204
